score,name,phone,last_comm,msgs,flags,last_client_msg,comment
11,Тогжан,7025033842,2026-09-11,60,"интерес×9, ПОСЛЕДНИМ ПИСАЛ КЛИЕНТ",Соучайно,
9,Dauren,7027154990,2026-09-25,29,"интерес×1, пауза/позже, ПОСЛЕДНИМ ПИСАЛ КЛИЕНТ",Понятно,
8,.,7077640732,2026-08-04,48,интерес×5,2026-08-04_13:27:14_1529439738279462.mp3,
8,Роза,7029377722,2026-09-27,39,"интерес×3, пауза/позже","Ульяна,здравствуйте",
7,🪃,7776210815,2026-06-05,21,"интерес×3, пауза/позже",Я напишу вам,
7,💐,7017604948,2026-07-31,67,интерес×5,Спасибо!,
7,murzabulatovagulnara2,7776915528,2026-08-05,14,"интерес×2, пауза/позже","Спасибо,подумаю стол по 360 это на 18-20 мест подходит",
7,Дания,7773595956,2026-08-27,48,интерес×4,Да,
7,Zhanibek,7015808363,2026-08-28,21,интерес×4,"В каких цветах есть:
GEOMETRY (модель 2026, с подсветкой):
4 м - 385 000 ₸
Есть ли рассрочка? Сколько кг выдерживает?",
6,Сания,7012264601,2026-06-16,34,"интерес×2, пауза/позже",Меня интересует белая столешница с золотом,
6,Bakhyt,7019996638,2026-08-03,23,интерес×3,У меня место: 155/80,
6,💕,7754382121,2026-08-03,24,"интерес×1, пауза/позже",Оплата после получения?,
6,sholpanmanzurova,7071132427,2026-08-11,16,ПОСЛЕДНИМ ПИСАЛ КЛИЕНТ,Сорри,
5,Nurgul,7014073038,2026-06-14,2,ПОСЛЕДНИМ ПИСАЛ КЛИЕНТ,"3 м. ұзындықта бар ма, тек 4 м. ғана ма?",
5,.,7787888615,2026-06-17,26,интерес×3,6 метр есть,
5,Акбопе,7773004334,2026-08-03,17,интерес×2,"Спасибо,для меня очень дорого",
5,Бакыт,7773146272,2026-08-04,19,интерес×2,Здравствуйте! Меня интересует стол-трансформер BORZO на 16 гостей.,
5,Азамат М.,7080200189,2026-08-05,10,пауза/позже,Я вам позже напишу,
5,~,7010377977,2026-08-05,24,интерес×2,Я нахожусь в Алмате как я вам сделаю оплату налом ?,
5,Lyazzat Turganbaeva,7011842188,2026-08-30,26,интерес×2,Цвет белый. В собранном виде какие размеры у стола?,
5,Karlgash,7755707406,2026-09-17,12,интерес×2,Трансформеры?,
4,.,7028131101,2026-06-05,27,интерес×2,Столешница в темном цвете есть?,
4,Diora🌷,7474110241,2026-06-06,10,интерес×2,Цена,
4,.,7018413768,2026-06-07,29,интерес×2,Актау,
4,Жанна,7718316106,2026-06-10,9,интерес×2,Сколько стоит 3х метровый стол?,
4,MURATBEK_SMS,7712951313,2026-06-16,30,интерес×2,Сіздердің адрес қалай Астана да барып көруге болама,
4,Бакытгуль,7772642271,2026-06-22,10,интерес×2,4*1.10  цена?,
4,1,7773426769,2026-08-03,10,интерес×1,Модель люкс цена?,
4,ММК,7017277151,2026-08-04,18,интерес×1,Здравствуйте! Меня интересует стол-трансформер BORZO на 16 гостей.,
4,Роза,7771711231,2026-08-04,9,интерес×1,Цену подскажите,
4,.,7052250402,2026-08-05,8,интерес×1,Здравствуйте! Меня интересует стол-трансформер BORZO на 16 гостей. И есть ли на 24 гостя,
4,Aina💖,7754226654,2026-08-07,9,интерес×1,Сколько стоит ?,
4,KY,7781091172,2026-08-09,9,интерес×1,Цена?,
4,Gulnara Moldabayeva,7012314269,2026-08-10,9,интерес×1,Цена?,
4,Мейір,7751118718,2026-08-12,14,интерес×1,А через Каспи можно?,
4,Анастасия,7023494653,2026-08-27,6,интерес×1,Стол люкс в какую цену?,
4,Гулсим,7052426153,2026-08-27,8,интерес×1,Здравствуйте! Меня интересует стол-трансформер BORZO на 16 гостей. Сколько стоит стол?,
4,Гуля,7752106322,2026-09-13,9,интерес×1,Цену скажите,
4,Elmira,7786733647,2026-09-28,12,интерес×1,В каком городе вы?,
3,все,7764114238,2026-06-05,7,интерес×1,Цена?,
3,VS,7498418558,2026-06-05,7,интерес×1,Как заказать стол-трансформер,
3,Айшагуль,7752296971,2026-06-06,12,интерес×1,Высота сколько м?,
3,Dina,7475997692,2026-06-08,19,интерес×1,Дополнительно ножек не требуется?,
3,Айгуль,7017606505,2026-06-08,14,интерес×1,Срок изготовления,
3,Kanat,7760675959,2026-06-09,31,интерес×1,А где у вас склад ?,
3,Despina Tombaidi,7054011130,2026-06-10,9,интерес×1,А где хранят дополнительные секции ?,
3,~🇰🇿🇰🇿🇰🇿~,7766666000,2026-06-11,9,интерес×1,Как заказать стол-трансформер,
3,Zulfiya,7471114893,2026-06-11,8,интерес×1,Цена,
3,tokevulan,7476986280,2026-06-11,8,интерес×1,Прайс лист можно,
3,🌸🫶🔥,7056340240,2026-06-12,8,интерес×1,Цена,
3,ANAR,7015529891,2026-06-13,15,интерес×1,Да,
3,🇰🇿,7786114748,2026-06-17,23,интерес×1,Астана,
3,🌹🌺🌸🌼🪴🍁,7081874320,2026-06-18,20,интерес×1,Спасибо,
3,Zhanna,7473114126,2026-06-19,8,интерес×1,Цена,
3,Aigerim Alievna,7475007275,2026-06-19,12,интерес×1,Цена?,
3,Бану,7773525819,2026-06-21,8,интерес×1,Цена?,
3,Aliya,7715328787,2026-06-23,13,интерес×1,Цену можно узнать на обе модели,
3,Айжан,7003247457,2026-06-24,8,интерес×1,Цена,
3,Г Ш,7757823971,2026-06-25,9,интерес×1,Здравствуйте! Меня интересует стол-трансформер BORZO на 16 гостей.,
3,Gulmira Amanzhol Kyzy,7074318333,2026-08-01,8,,Здравствуйте! Меня интересует стол-трансформер BORZO на 16 гостей.,
3,Айкын,7777356727,2026-08-01,8,,Здравствуйте! Меня интересует стол-трансформер BORZO на 16 гостей.,
3,.,7775744617,2026-08-02,15,,2026-08-02_10:10:54_4521492821501621.mp3,
3,Улжан,7476082592,2026-08-03,8,,Здравствуйте! Меня интересует стол-трансформер BORZO на 16 гостей.,
3,Alina,7789990868,2026-08-04,8,,Здравствуйте! Меня интересует стол-трансформер BORZO на 16 гостей.,
3,Айгуль,7016725610,2026-08-04,8,,Здравствуйте! Меня интересует стол-трансформер BORZO на 16 гостей.,
3,Indi,7017628484,2026-08-04,8,,Здравствуйте! Меня интересует стол-трансформер BORZO на 16 гостей.,
3,Асемгуль,7750005582,2026-08-04,14,,В каком городе?,
3,Айнагуль,7775641380,2026-08-04,14,,2026-08-04_10:37:50_2649368555479447.mp3,
3,💫💸💕,7470520275,2026-08-04,8,,Здравствуйте! Меня интересует стол-трансформер BORZO на 16 гостей.,
3,zarkyn19650303,7014726153,2026-08-04,8,,Здравствуйте! Меня интересует стол-трансформер BORZO на 16 гостей.,
3,.,7013359349,2026-08-04,8,,Здравствуйте! Меня интересует стол-трансформер BORZO на 16 гостей.,
3,maulenplk,7053985859,2026-08-05,8,,Здравствуйте! Меня интересует стол-трансформер BORZO на 16 гостей.,
3,Самат,7771078395,2026-08-05,8,,Здравствуйте! Меня интересует стол-трансформер BORZO на 16 гостей.,
3,Batyrbek Khairullin,7778628241,2026-08-05,8,,Здравствуйте! Меня интересует стол-трансформер BORZO на 16 гостей.,
3,.,7012222898,2026-08-05,14,,Дополнит доски снимаются отдельно стоят?,
3,Айман,7713597733,2026-08-05,10,,А в ширину сколько?,
3,agienmyrzin,7779219058,2026-08-06,8,,Здравствуйте! Меня интересует стол-трансформер BORZO на 16 гостей.,
3,ardakospanov94,7075884329,2026-08-06,7,,Канша,
3,…,7767423219,2026-08-06,8,,Здравствуйте! Меня интересует стол-трансформер BORZO на 16 гостей.,
3,Евгений Момот,7017339789,2026-08-06,9,,Здравствуйте! Меня интересует стол-трансформер BORZO . Пришлите какие есть варианты,
3,torty_koilyk_ot_bahyt,7017939267,2026-08-06,8,,Здравствуйте! Меня интересует стол-трансформер BORZO на 16 гостей.,
3,",",7714003440,2026-08-06,11,,Такие,
3,satybaldievaulzalgas898,7013608461,2026-08-06,8,,Здравствуйте! Меня интересует стол-трансформер BORZO на 16 гостей.,
3,pusyrovaanara,7779440206,2026-08-07,14,,2026-06-22_14:43:09_883667128114767.mp3,
3,James,8602220235,2026-08-07,20,,Ок,
3,Асет,7774347989,2026-08-07,8,,Здравствуйте! Меня интересует стол-трансформер BORZO на 16 гостей.,
3,Майя,7759742788,2026-08-07,8,,Здравствуйте! Меня интересует стол-трансформер BORZO на 16 гостей.,
3,Сымбат,7013592044,2026-08-07,8,,Здравствуйте! Меня интересует стол-трансформер BORZO на 16 гостей.,
3,❤️❤️❤️,7759053217,2026-08-11,8,,Здравствуйте! Меня интересует стол-трансформер BORZO на 16 гостей.,
3,Бекзат,7021442324,2026-08-12,8,,Здравствуйте! Меня интересует стол-трансформер BORZO на 16 гостей.,
3,Amangeldy,7075125497,2026-08-12,9,,Скодько стоит стол,
3,.,7755051183,2026-08-12,7,,Здравствуйте! Меня интересует стол-трансформер BORZO на 16 гостей.,
3,Гульбану,7752543925,2026-08-27,11,,Ширина какая,
3,Kenzhegul,7015455518,2026-08-31,12,,2026-06-18_07:27:42_1647351796347494.mp3,
3,İlmira,7029977777,2026-08-31,30,,Отправьте ссылку,
3,Даулет,7012440960,2026-09-19,9,,Здравствуйте! Меня интересует стол-трансформер BORZO на 16 гостей.,
3,Жаннат,7024829972,2026-09-27,30,,Здравствуйте,
3,EVOLUTION9,7012227968,2026-09-27,8,,Здравствуйте! Меня интересует стол-трансформер BORZO на 16 гостей.,
