phone,name,score,last_comm,msgs,flags,comment,last_client_msg
7025033842,Тогжан,11,2026-09-11,60,"интерес×9, ПОСЛЕДНИМ ПИСАЛ КЛИЕНТ",,Соучайно
7027154990,Dauren,9,2026-09-25,29,"интерес×1, пауза/позже, ПОСЛЕДНИМ ПИСАЛ КЛИЕНТ",,Понятно
7077640732,.,8,2026-08-04,48,интерес×5,,2026-08-04_13:27:14_1529439738279462.mp3
7029377722,Роза,8,2026-09-27,39,"интерес×3, пауза/позже",,"Ульяна,здравствуйте"
7776210815,🪃,7,2026-06-05,21,"интерес×3, пауза/позже",,Я напишу вам
7017604948,💐,7,2026-07-31,67,интерес×5,,Спасибо!
7776915528,murzabulatovagulnara2,7,2026-08-05,14,"интерес×2, пауза/позже",,"Спасибо,подумаю стол по 360 это на 18-20 мест подходит"
7773595956,Дания,7,2026-08-27,48,интерес×4,,Да
7015808363,Zhanibek,7,2026-08-28,21,интерес×4,,"В каких цветах есть:
GEOMETRY (модель 2026, с подсветкой):
4 м - 385 000 ₸
Есть ли рассрочка? Сколько кг выдерживает?"
7012264601,Сания,6,2026-06-16,34,"интерес×2, пауза/позже",,Меня интересует белая столешница с золотом
7019996638,Bakhyt,6,2026-08-03,23,интерес×3,,У меня место: 155/80
7754382121,💕,6,2026-08-03,24,"интерес×1, пауза/позже",,Оплата после получения?
7071132427,sholpanmanzurova,6,2026-08-11,16,ПОСЛЕДНИМ ПИСАЛ КЛИЕНТ,,Сорри
7014073038,Nurgul,5,2026-06-14,2,ПОСЛЕДНИМ ПИСАЛ КЛИЕНТ,,"3 м. ұзындықта бар ма, тек 4 м. ғана ма?"
7787888615,.,5,2026-06-17,26,интерес×3,,6 метр есть
7773004334,Акбопе,5,2026-08-03,17,интерес×2,,"Спасибо,для меня очень дорого"
7773146272,Бакыт,5,2026-08-04,19,интерес×2,,Здравствуйте! Меня интересует стол-трансформер BORZO на 16 гостей.
7080200189,Азамат М.,5,2026-08-05,10,пауза/позже,,Я вам позже напишу
7010377977,~,5,2026-08-05,24,интерес×2,,Я нахожусь в Алмате как я вам сделаю оплату налом ?
7011842188,Lyazzat Turganbaeva,5,2026-08-30,26,интерес×2,,Цвет белый. В собранном виде какие размеры у стола?
7755707406,Karlgash,5,2026-09-17,12,интерес×2,,Трансформеры?
7028131101,.,4,2026-06-05,27,интерес×2,,Столешница в темном цвете есть?
7474110241,Diora🌷,4,2026-06-06,10,интерес×2,,Цена
7018413768,.,4,2026-06-07,29,интерес×2,,Актау
7718316106,Жанна,4,2026-06-10,9,интерес×2,,Сколько стоит 3х метровый стол?
7712951313,MURATBEK_SMS,4,2026-06-16,30,интерес×2,,Сіздердің адрес қалай Астана да барып көруге болама
7772642271,Бакытгуль,4,2026-06-22,10,интерес×2,,4*1.10  цена?
7773426769,1,4,2026-08-03,10,интерес×1,,Модель люкс цена?
7017277151,ММК,4,2026-08-04,18,интерес×1,,Здравствуйте! Меня интересует стол-трансформер BORZO на 16 гостей.
7771711231,Роза,4,2026-08-04,9,интерес×1,,Цену подскажите
7052250402,.,4,2026-08-05,8,интерес×1,,Здравствуйте! Меня интересует стол-трансформер BORZO на 16 гостей. И есть ли на 24 гостя
7754226654,Aina💖,4,2026-08-07,9,интерес×1,,Сколько стоит ?
7781091172,KY,4,2026-08-09,9,интерес×1,,Цена?
7012314269,Gulnara Moldabayeva,4,2026-08-10,9,интерес×1,,Цена?
7751118718,Мейір,4,2026-08-12,14,интерес×1,,А через Каспи можно?
7023494653,Анастасия,4,2026-08-27,6,интерес×1,,Стол люкс в какую цену?
7052426153,Гулсим,4,2026-08-27,8,интерес×1,,Здравствуйте! Меня интересует стол-трансформер BORZO на 16 гостей. Сколько стоит стол?
7752106322,Гуля,4,2026-09-13,9,интерес×1,,Цену скажите
7786733647,Elmira,4,2026-09-28,12,интерес×1,,В каком городе вы?
7764114238,все,3,2026-06-05,7,интерес×1,,Цена?
7498418558,VS,3,2026-06-05,7,интерес×1,,Как заказать стол-трансформер
7752296971,Айшагуль,3,2026-06-06,12,интерес×1,,Высота сколько м?
7475997692,Dina,3,2026-06-08,19,интерес×1,,Дополнительно ножек не требуется?
7017606505,Айгуль,3,2026-06-08,14,интерес×1,,Срок изготовления
7760675959,Kanat,3,2026-06-09,31,интерес×1,,А где у вас склад ?
7054011130,Despina Tombaidi,3,2026-06-10,9,интерес×1,,А где хранят дополнительные секции ?
7766666000,~🇰🇿🇰🇿🇰🇿~,3,2026-06-11,9,интерес×1,,Как заказать стол-трансформер
7471114893,Zulfiya,3,2026-06-11,8,интерес×1,,Цена
7476986280,tokevulan,3,2026-06-11,8,интерес×1,,Прайс лист можно
7056340240,🌸🫶🔥,3,2026-06-12,8,интерес×1,,Цена
7015529891,ANAR,3,2026-06-13,15,интерес×1,,Да
7786114748,🇰🇿,3,2026-06-17,23,интерес×1,,Астана
7081874320,🌹🌺🌸🌼🪴🍁,3,2026-06-18,20,интерес×1,,Спасибо
7473114126,Zhanna,3,2026-06-19,8,интерес×1,,Цена
7475007275,Aigerim Alievna,3,2026-06-19,12,интерес×1,,Цена?
7773525819,Бану,3,2026-06-21,8,интерес×1,,Цена?
7715328787,Aliya,3,2026-06-23,13,интерес×1,,Цену можно узнать на обе модели
7003247457,Айжан,3,2026-06-24,8,интерес×1,,Цена
7757823971,Г Ш,3,2026-06-25,9,интерес×1,,Здравствуйте! Меня интересует стол-трансформер BORZO на 16 гостей.
7074318333,Gulmira Amanzhol Kyzy,3,2026-08-01,8,,,Здравствуйте! Меня интересует стол-трансформер BORZO на 16 гостей.
7777356727,Айкын,3,2026-08-01,8,,,Здравствуйте! Меня интересует стол-трансформер BORZO на 16 гостей.
7775744617,.,3,2026-08-02,15,,,2026-08-02_10:10:54_4521492821501621.mp3
7476082592,Улжан,3,2026-08-03,8,,,Здравствуйте! Меня интересует стол-трансформер BORZO на 16 гостей.
7789990868,Alina,3,2026-08-04,8,,,Здравствуйте! Меня интересует стол-трансформер BORZO на 16 гостей.
7016725610,Айгуль,3,2026-08-04,8,,,Здравствуйте! Меня интересует стол-трансформер BORZO на 16 гостей.
7017628484,Indi,3,2026-08-04,8,,,Здравствуйте! Меня интересует стол-трансформер BORZO на 16 гостей.
7750005582,Асемгуль,3,2026-08-04,14,,,В каком городе?
7775641380,Айнагуль,3,2026-08-04,14,,,2026-08-04_10:37:50_2649368555479447.mp3
7470520275,💫💸💕,3,2026-08-04,8,,,Здравствуйте! Меня интересует стол-трансформер BORZO на 16 гостей.
7014726153,zarkyn19650303,3,2026-08-04,8,,,Здравствуйте! Меня интересует стол-трансформер BORZO на 16 гостей.
7013359349,.,3,2026-08-04,8,,,Здравствуйте! Меня интересует стол-трансформер BORZO на 16 гостей.
7053985859,maulenplk,3,2026-08-05,8,,,Здравствуйте! Меня интересует стол-трансформер BORZO на 16 гостей.
7771078395,Самат,3,2026-08-05,8,,,Здравствуйте! Меня интересует стол-трансформер BORZO на 16 гостей.
7778628241,Batyrbek Khairullin,3,2026-08-05,8,,,Здравствуйте! Меня интересует стол-трансформер BORZO на 16 гостей.
7012222898,.,3,2026-08-05,14,,,Дополнит доски снимаются отдельно стоят?
7713597733,Айман,3,2026-08-05,10,,,А в ширину сколько?
7779219058,agienmyrzin,3,2026-08-06,8,,,Здравствуйте! Меня интересует стол-трансформер BORZO на 16 гостей.
7075884329,ardakospanov94,3,2026-08-06,7,,,Канша
7767423219,…,3,2026-08-06,8,,,Здравствуйте! Меня интересует стол-трансформер BORZO на 16 гостей.
7017339789,Евгений Момот,3,2026-08-06,9,,,Здравствуйте! Меня интересует стол-трансформер BORZO . Пришлите какие есть варианты
7017939267,torty_koilyk_ot_bahyt,3,2026-08-06,8,,,Здравствуйте! Меня интересует стол-трансформер BORZO на 16 гостей.
7714003440,",",3,2026-08-06,11,,,Такие
7013608461,satybaldievaulzalgas898,3,2026-08-06,8,,,Здравствуйте! Меня интересует стол-трансформер BORZO на 16 гостей.
7779440206,pusyrovaanara,3,2026-08-07,14,,,2026-06-22_14:43:09_883667128114767.mp3
8602220235,James,3,2026-08-07,20,,,Ок
7774347989,Асет,3,2026-08-07,8,,,Здравствуйте! Меня интересует стол-трансформер BORZO на 16 гостей.
7759742788,Майя,3,2026-08-07,8,,,Здравствуйте! Меня интересует стол-трансформер BORZO на 16 гостей.
7013592044,Сымбат,3,2026-08-07,8,,,Здравствуйте! Меня интересует стол-трансформер BORZO на 16 гостей.
7759053217,❤️❤️❤️,3,2026-08-11,8,,,Здравствуйте! Меня интересует стол-трансформер BORZO на 16 гостей.
7021442324,Бекзат,3,2026-08-12,8,,,Здравствуйте! Меня интересует стол-трансформер BORZO на 16 гостей.
7075125497,Amangeldy,3,2026-08-12,9,,,Скодько стоит стол
7755051183,.,3,2026-08-12,7,,,Здравствуйте! Меня интересует стол-трансформер BORZO на 16 гостей.
7752543925,Гульбану,3,2026-08-27,11,,,Ширина какая
7015455518,Kenzhegul,3,2026-08-31,12,,,2026-06-18_07:27:42_1647351796347494.mp3
7029977777,İlmira,3,2026-08-31,30,,,Отправьте ссылку
7012440960,Даулет,3,2026-09-19,9,,,Здравствуйте! Меня интересует стол-трансформер BORZO на 16 гостей.
7024829972,Жаннат,3,2026-09-27,30,,,Здравствуйте
7012227968,EVOLUTION9,3,2026-09-27,8,,,Здравствуйте! Меня интересует стол-трансформер BORZO на 16 гостей.
7017173379,Murat,2,2026-06-03,12,,,А доп.модули отдеоьно складируются?
7711735128,Nur,2,2026-06-05,7,,,Здравствуйте! Меня интересует стол-трансформер BORZO
7017229815,Serik.S,2,2026-06-05,10,,,Скиньте пжл.прайс лист.
7762486263,///,2,2026-06-05,8,,,Здравствуйте! Меня интересует стол-трансформер BORZO на 16 гостей.
7012150159,Karlygash,2,2026-06-06,8,,,Здравствуйте! Меня интересует стол-трансформер BORZO
7472227568,🎁,2,2026-06-06,7,,,Здравствуйте! Меня интересует стол-трансформер BORZO
7770341923,Б.С,2,2026-06-06,12,,,Спасибо
7017378238,Bahytnur,2,2026-06-07,65,,,Продукция ваша
7028133660,Farida Kokenova,2,2026-06-07,7,,,Здравствуйте! Меня интересует стол-трансформер BORZO
7051104708,Oleg,2,2026-06-08,7,,,Здравствуйте! Меня интересует стол-трансформер BORZO
7027459224,🥰,2,2026-06-08,11,,,👍
7086703152,А,2,2026-06-08,12,,,5м нету?
7077342264,31752082291790miser,2,2026-06-09,7,,,Здравствуйте! Меня интересует стол-трансформер BORZO
7011851777,SА,2,2026-06-09,19,,,"3,5 м на сколько человек?"
7757684915,❤️❤️❤️,2,2026-06-10,7,,,Здравствуйте! Меня интересует стол-трансформер BORZO на 16 гостей.
7760275588,Азамат,2,2026-06-10,9,,,Цены?
7016145278,🌺,2,2026-06-10,7,,,Здравствуйте! Меня интересует стол-трансформер BORZO на 16 гостей.
7013231683,Zulfiya,2,2026-06-10,10,,,3 - 80 см возможно?
7017103807,Ирина,2,2026-06-10,8,,,Здравствуйте! Меня интересует стол-трансформер BORZO на 16 гостей.
7751652724,Gulnar,2,2026-06-11,7,,,Здравствуйте! Меня интересует стол-трансформер
7474095052,🌴,2,2026-06-12,7,,,Здравствуйте! Меня интересует стол-трансформер BORZO на 16 гостей.
7078142424,Асем,2,2026-06-12,7,,,Здравствуйте! Меня интересует стол-трансформер BORZO на 16 гостей.
7774143305,Aika,2,2026-06-12,9,,,2026-06-12_11:31:39_981813161432019.mp3
7073531818,Nurbol Dosymbaev,2,2026-06-12,7,,,Здравствуйте! Меня интересует стол-трансформер BORZO на 16 гостей.
7777300071,Mukhit Ykylas,2,2026-06-13,7,,,"Добрый вечер!
Где можно посмотреть стол-трансформер?"
7086077869,🇰🇿🇹🇷,2,2026-06-13,7,,,Здравствуйте! Меня интересует стол-трансформер BORZO
7788489540,М. С. С,2,2026-06-13,7,,,Бағасы канша
7015305477,Assel,2,2026-06-15,6,,,
7026666453,R,2,2026-06-16,7,,,Здравствуйте! Меня интересует стол-трансформер BORZO на 16 гостей.
7051111039,…..,2,2026-06-16,7,,,Здравствуйте! Меня интересует стол-трансформер BORZO на 16 гостей.
7012998074,mr.Y,2,2026-06-16,7,,,Здравствуйте! Меня интересует стол-трансформер BORZO на 16 гостей.
7752451066,Anara,2,2026-06-17,7,,,Здравствуйте! Меня интересует стол-трансформер BORZO на 16 гостей.
7784039410,Мая,2,2026-06-17,11,,,Сөз жоқ
7011552233,AlBA,2,2026-06-17,8,,,В Астану поставляете?
7019866633,….,2,2026-06-17,10,,,Без стуля ?
7024788136,…..,2,2026-06-17,7,,,Здравствуйте! Меня интересует стол-трансформер BORZO на 16 гостей.
7010931771,Nurik,2,2026-06-18,8,,Жума,Здравствуйте! Меня интересует стол-трансформер BORZO
7478887008,❤️Асем,2,2026-06-18,7,,,Здравствуйте! Меня интересует стол-трансформер BORZO на 16 гостей.
7717764971,Тойлыгул Бейсенбаевна,2,2026-06-19,7,,,Здравствуйте! Меня интересует стол-трансформер BORZO на 16 гостей.
7016057217,Жаннат,2,2026-06-19,7,,,Здравствуйте! Меня интересует стол-трансформер BORZO на 16 гостей.
7012202910,Lyazzat,2,2026-06-19,7,,,Здравствуйте! Меня интересует стол-трансформер BORZO на 16 гостей.
7750679823,.,2,2026-06-19,7,,,Здравствуйте! Меня интересует стол-трансформер BORZO на 16 гостей.
7072172005,Сема,2,2026-06-19,7,,,Здравствуйте! Меня интересует стол-трансформер BORZO на 16 гостей.
7014604650,Aliya Kobeldessova,2,2026-06-20,7,,,Здравствуйте! Меня интересует стол-трансформер BORZO на 16 гостей.
7015562424,Mahmuda Bekpulatova,2,2026-06-20,7,,,Здравствуйте! Меня интересует стол-трансформер BORZO на 16 гостей.
7086190722,Kaira,2,2026-06-20,7,,,Здравствуйте! Меня интересует стол-трансформер BORZO на 16 гостей.
7477805746,bahytgul,2,2026-06-20,8,,,"Добрый день! 
Қай қалада?
Бағасы қанша?"
7718411051,STT,2,2026-06-21,13,,,надо посмотрпть
7764308205,🥰,2,2026-06-21,7,,,Здравствуйте! Меня интересует стол-трансформер BORZO на 16 гостей.
7779215576,Talgat,2,2026-06-21,7,,,Здравствуйте! Меня интересует стол-трансформер BORZO на 16 гостей.
7777334339,Hawk West,2,2026-06-21,7,,,Здравствуйте! Меня интересует стол-трансформер BORZO на 16 гостей.
7010984777,Lyazzat,2,2026-06-22,6,,,
7782363831,👩🏻‍⚕️,2,2026-06-22,6,,,
7783360229,.,2,2026-06-22,7,,,Здравствуйте! Меня интересует стол-трансформер BORZO на 16 гостей.
7017363848,🇰🇿,2,2026-06-22,7,,,Здравствуйте! Меня интересует стол-трансформер BORZO
7017727941,Galiya Ertleu,2,2026-06-22,7,,,Здравствуйте! Меня интересует стол-трансформер BORZO на 16 гостей.
7771553131,Alym,2,2026-06-22,7,,,Здравствуйте! Меня интересует стол-трансформер BORZO на 16 гостей.
7779843364,Aigerim Akhmetkarimova,2,2026-06-23,7,,,Здравствуйте! Меня интересует стол-трансформер BORZO на 16 гостей.
7754346518,🇰🇿,2,2026-06-23,7,,,Здравствуйте! Меня интересует стол-трансформер BORZO на 16 гостей.
7776023093,Elif,2,2026-06-24,7,,,Здравствуйте! Меня интересует стол-трансформер BORZO на 16 гостей.
7013385199,Baurzhan,2,2026-06-24,11,,,Рақмет
7015859707,Гульзада,2,2026-06-25,22,,,Можете отправить фото
7777612474,amirzhanbakhtygereyev,2,2026-06-26,7,,,Здравствуйте! Меня интересует стол-трансформер BORZO на 16 гостей.
7014726688,Gulnara,2,2026-06-26,7,,,Здравствуйте! Меня интересует стол-трансформер BORZO на 16 гостей.
7004612085,.,2,2026-06-28,7,,,Здравствуйте! Меня интересует стол-трансформер BORZO на 16 гостей.
7751708737,Jomart,2,2026-06-28,13,,,И какой вес выдерживает?
7712959773,Aitkul,2,2026-06-28,7,,,Здравствуйте! Меня интересует стол-трансформер BORZO на 16 гостей.
7027997164,Гульзада,2,2026-06-28,7,,,Здравствуйте! Меня интересует стол-трансформер BORZO на 16 гостей.
7762893529,Aida Mikhailovna,2,2026-07-06,8,,,Здравствуйте! Меня интересует стол-трансформер BORZO на 16 гостей.
7054524805,Темиржан,2,2026-07-30,8,,,Здравствуйте! Меня интересует стол-трансформер BORZO на 16 гостей.
7018884877,Б,2,2026-07-31,8,,,Здравствуйте! Меня интересует стол-трансформер BORZO на 16 гостей.
7071790320,Nazerke,2,2026-07-31,8,,,Здравствуйте! Меня интересует стол-трансформер BORZO на 16 гостей.
7052228008,eransusa,2,2026-07-31,12,,,?
7015221250,Dam Husainov,2,2026-08-09,0,,,
7017269235,Zhamal.O,2,2026-08-09,0,,,
7077777147,Sula,2,2026-08-09,0,,,
7473560168,Botagoz,2,2026-08-09,0,,,
7714004823,Санам,2,2026-08-27,0,,,
7077258076,sarsenovnagulmira98,2,2026-08-28,0,,,
7778242221,assylzhan sirsandik,2,2026-08-28,0,,,
7004110060,Sametdinova Zukhra,2,2026-08-28,0,,,
7075554185,Safiya Shop,2,2026-08-28,0,,,
7007111765,nazymsembaeva0,2,2026-08-28,0,,,
7089878187,Baur,2,2026-08-28,0,,,
7054000462,💞💞💞Анна💞💞💞,2,2026-08-28,0,,,
7019594599,Ислам,2,2026-08-28,0,,,
7055098227,klarakaratalova,2,2026-08-28,0,,,
7012446284,~V~,2,2026-08-29,0,,,
7019603530,.,2,2026-08-29,0,,,
7478262129,Nazgul,2,2026-08-29,0,,,
7057213771,Токжан,2,2026-08-29,0,,,
7054255774,Gulaim,2,2026-08-29,0,,,
7077572572,Simba,2,2026-08-29,0,,,
7757040030,🍉🍉🍉,2,2026-08-29,0,,,
7056075453,Бакытжан,2,2026-08-29,0,,,
7086800652,Aigul,2,2026-08-29,0,,,
7077673769,💐,2,2026-08-29,0,,,
7714105232,Arika,2,2026-08-29,0,,,
7012592627,Тазагуль Токсейтовна,2,2026-08-30,0,,,
7077634380,К,2,2026-08-30,0,,,
7051217044,НС,2,2026-08-30,0,,,
7019956141,Elmira,2,2026-08-30,0,,,
7054869090,Отбасым Бакытым,2,2026-08-31,0,,,
7053409994,DOS,2,2026-08-31,0,,,
7777554545,Дамиля,2,2026-08-31,0,,,
7014724006,….,2,2026-08-31,0,,,
7772966826,D,2,2026-08-31,0,,,
7056111638,Ainagul,2,2026-08-31,0,,,
7023983141,Кымбат,2,2026-08-31,0,,,
7019535683,Assel,2,2026-08-31,0,,,
7015444186,Bazyl,2,2026-09-01,0,,,
7073391869,Nuria,2,2026-09-01,0,,,
7015210652,.,2,2026-09-01,0,,,
7087129152,😎,2,2026-09-01,0,,,
7754080040,Aida,2,2026-09-01,0,,,
7013331946,Amanbay Chalak,2,2026-09-01,0,,,
7025553306,✊,2,2026-09-01,0,,,
7054278800,Saad,2,2026-09-02,0,,,
7025150202,Гульзада,2,2026-09-02,0,,,
7079667252,Админ,2,2026-09-02,0,,,
7023352505,Asemgul,2,2026-09-02,0,,,
7051093777,Роза,2,2026-09-02,0,,,
7087269375,MK,2,2026-09-02,0,,,
7752701955,Роза,2,2026-09-02,0,,,
7756641111,💐💐,2,2026-09-03,0,,,
7016021691,Elza,2,2026-09-03,0,,,
7078542906,Galiya,2,2026-09-04,0,,,
7013137313,Marat,2,2026-09-04,0,,,
7051233076,Nurgul,2,2026-09-04,0,,,
7011506827,Жулдыз,2,2026-09-04,0,,,
7013127953,Orik,2,2026-09-04,0,,,
7770638386,Жанна,2,2026-09-05,0,,,
7053411806,mejram165,2,2026-09-05,0,,,
7051001030,Ельжан,2,2026-09-05,0,,,
7079893040,𝓐𝓲𝓭𝓪🍒,2,2026-09-06,0,,,
7776935751,Дубинина Диана Утегеновна,2,2026-09-06,0,,,
7017286540,Жакслык,2,2026-09-07,0,,,
7776334449,$$$Alm@s$$$,2,2026-09-07,0,,,
0503043483,Leyla,2,2026-09-07,0,,,
7085866538,Мухаббат Тохтахунова,2,2026-09-07,0,,,
7771151782,Raushan,2,2026-09-07,0,,,
7089080908,Kassym KIYAKBAY,2,2026-09-07,0,,,
7756106308,.,2,2026-09-07,0,,,
7077722904,Aida Sekerbekova,2,2026-09-08,0,,,
7778496623,Ербол,2,2026-09-08,0,,,
7771554567,..,2,2026-09-08,0,,,
7756142760,Gulnar,2,2026-09-08,0,,перевела на личный,
7017151627,...,2,2026-09-09,0,,Перевела на личный,
7017614024,М,2,2026-09-09,0,,Перевела на личный,
7075835101,.....🌸,2,2026-09-10,0,,,
7051348625,ZhAK,2,2026-09-10,0,,,
7711829637,.,2,2026-09-10,0,,,
7788031454,A,2,2026-09-10,0,,,
7023357667,Akmaral Karabayeva,2,2026-09-10,0,,,
7766678661,nurlantlepbayev@gmail.com,2,2026-09-11,0,,,
7711535358,svetlana,2,2026-09-11,0,,,
7779214212,Айгерим,2,2026-09-11,0,,,
7714724651,🐯,2,2026-09-11,0,,,
7777626053,Ирина,2,2026-09-11,0,,,
7085881063,Назым,2,2026-09-12,0,,,
7012924355,Assel Narymbiyeva,2,2026-09-12,0,,,
7716828792,~Dinа,2,2026-09-12,0,,,
7013958427,Айгуль,2,2026-09-12,0,,,
7052357017,Мирамгуль Булатаева,2,2026-09-12,0,,,
7774566868,Асия,2,2026-09-12,0,,,
7071977177,Yerbolat Marksuly,2,2026-09-12,0,,,
7713561642,Zhanar,2,2026-09-12,0,,,
7772467675,Максатгуль,2,2026-09-13,0,,,
7077016745,Самал,2,2026-09-13,0,,,
7024987766,.,2,2026-09-13,0,,,
7017616853,Zulfiya,2,2026-09-13,0,,,
7016134689,Айгуль,2,2026-09-13,0,,,
7029046305,ҚР,2,2026-09-13,0,,,
7013514166,Ольга,2,2026-09-13,0,,,
7787363716,Инеш,2,2026-09-13,0,,,
7014874037,Кирилл,2,2026-09-13,0,,,
7013230131,Raushan💕,2,2026-09-14,0,,,
7758383212,🙂,2,2026-09-14,0,,,
7077755985,.,2,2026-09-14,0,,,
7771999167,Сауле,2,2026-09-14,0,,,
7775411823,Gulim,2,2026-09-14,0,,,
7776551120,Rustam🇰🇿,2,2026-09-14,0,,,
7752848310,Samal,2,2026-09-14,0,,,
7012273212,C,2,2026-09-14,0,,,
7477350187,Zhanargul,2,2026-09-15,0,,,
7018015505,Жанна Болатовна,2,2026-09-15,0,,,
7077729472,Орал,2,2026-09-15,0,,,
7472187106,Жанболат,2,2026-09-15,0,,,
7778687296,Асель,2,2026-09-15,0,,,
7014165533,Aikosh✨,2,2026-09-15,0,,,
7076606500,Bayan Bilalova,2,2026-09-15,0,,,
7015030266,Daniar,2,2026-09-15,0,,,
7714497769,Салтанат,2,2026-09-15,0,,,
7005778591,🌺🌺🌺,2,2026-09-15,0,,,
7057811159,Zhumagul,2,2026-09-15,0,,,
7759461113,Райхан,2,2026-09-15,0,,,
7055308890,Татьяна,2,2026-09-16,0,,,
7778837505,Нурия,2,2026-09-16,0,,,
7017787645,Бахытжан Сембина,2,2026-09-16,0,,,
7752555402,Зайра,2,2026-09-16,0,,,
7771723939,Есен,2,2026-09-16,0,,,
7754640813,....,2,2026-09-16,0,,,
7751694166,.,2,2026-09-16,0,,,
7018512500,Аида,2,2026-09-16,0,,,
7775988888,Анжела,2,2026-09-16,0,,,
7015667787,Татьяна,2,2026-09-17,0,,,
7017471010,Нурлан,2,2026-09-17,0,,,
7077407905,☘️,2,2026-09-17,0,,,
7756077043,Di,2,2026-09-17,0,,,
7028368886,Azz,2,2026-09-17,0,,,
7027459425,Гульмира,2,2026-09-17,0,,,
7004251609,Надира,2,2026-09-17,0,,,
7014642979,Гульзада,2,2026-09-17,0,,,
7076845664,Назира,2,2026-09-17,0,,,
7017361474,+77017361474,2,2026-09-17,0,,,
7009313159,kseniaananeva2302,2,2026-09-17,0,,,
7019033520,Гулшат,2,2026-09-17,0,,,
7003288096,Айгуль Игенбекова,2,2026-09-17,0,,,
7779521199,Gulsanat Akhmetova,2,2026-09-17,0,,,
7024000777,Галымжан,2,2026-09-17,0,,,
7028032000,Azamat,2,2026-09-17,0,,,
7474082840,Бахыт,2,2026-09-17,0,,,
7782792937,.,2,2026-09-18,0,,,
7052409117,Айгуль,2,2026-09-18,0,,,
7017438859,SGM,2,2026-09-18,0,,,
7077773323,Zhamilya,2,2026-09-18,0,,,
7779917777,Nurbolat,2,2026-09-18,0,,,
7775665445,Жаслан,2,2026-09-18,0,,,
7077972581,Эльмира Рахимова,2,2026-09-18,0,,,
7015338077,ARS,2,2026-09-18,0,,,
7077868506,Айгерим Адильжановна,2,2026-09-18,0,,,
7054823116,Batyr Karagizov,2,2026-09-18,0,,,
7054763401,Райхан Салиева,2,2026-09-18,0,,,
7779377879,Жулдыз Сагындыковна,2,2026-09-19,0,,,
7014087114,Венера,2,2026-09-19,0,,,
7076660339,Talshyn,2,2026-09-19,0,,,
7761131986,Мадина,2,2026-09-19,0,,,
7754408855,Карлыгаш,2,2026-09-19,0,,,
7007000515,Марат Саржанов,2,2026-09-19,0,,,
7771637124,🤍,2,2026-09-19,0,,,
7784761357,🥰🥰🥰,2,2026-09-19,0,,,
7082601930,Айгуль,2,2026-09-19,0,,,
7018884742,ZKS,2,2026-09-19,0,,,
7774122382,SGS,2,2026-09-19,0,,,
7026635100,Жігер,2,2026-09-20,0,,,
7718372282,Zhazira,2,2026-09-20,0,,,
7014458460,Алдан,2,2026-09-20,0,,,
7779531717,A,2,2026-09-20,0,,,
7762058022,Серік Елемес Ұлы,2,2026-09-20,0,,,
7755152124,Салтанат,2,2026-09-20,0,,,
7076359464,Zuhra,2,2026-09-20,0,,,
7477081811,Asilbek. Assalamaleikym🤝,2,2026-09-21,0,,,
7017257547,Торебек,2,2026-09-21,0,,,
7766673480,Косметолог Эстет,2,2026-09-21,0,,,
7015787831,Роза,2,2026-09-21,0,,,
7013545545,.,2,2026-09-21,0,,,
7006935358,Хадижа,2,2026-09-21,0,,,
7018399990,☀️,2,2026-09-21,0,,,
7056780756,Анара,2,2026-09-21,0,,,
7773994679,Ляйсан,2,2026-09-21,0,,,
7026791962,Махаббат,2,2026-09-21,0,,,
7052406173,Сержан Муштанов,2,2026-09-21,0,,,
7473100910,Болғанай Мергенбайқызы,2,2026-09-21,0,,,
7014227880,Левон,2,2026-09-21,0,,,
7017496721,Марат,2,2026-09-21,0,,,
7053736718,Меруерт,2,2026-09-21,0,,,
7051093513,sautpaevaakblek,2,2026-09-21,0,,,
7010477177,Nariman,2,2026-09-21,0,,,
7026876522,GULZHAN BAKHTAEVNA👩🏻‍💻,2,2026-09-21,0,,,
7015137002,Angel,2,2026-09-21,0,,,
7013482284,Айя,2,2026-09-22,0,,,
7475837458,.,2,2026-09-22,0,,,
7783364564,Жанна Сембекова,2,2026-09-22,0,,,
7712565281,dinara17122026,2,2026-09-22,0,,,
7478021510,Гуля,2,2026-09-22,0,,,
7473382677,Альхамдулиллях,2,2026-09-22,0,,,
7009886379,🕋,2,2026-09-22,0,,,
7011357141,М,2,2026-09-22,0,,,
7028437520,Отбасым аман Болсын,2,2026-09-22,0,,,
7051959758,Жанар,2,2026-09-22,0,,,
7026870538,Айгуль,2,2026-09-22,0,,,
7472307780,Е.М,2,2026-09-23,0,,,
7028764945,Гульнара,2,2026-09-23,0,,,
7752415000,Madina,2,2026-09-23,0,,,
7473818801,Гульзара,2,2026-09-23,0,,,
7775432653,Айкен,2,2026-09-23,0,,,
7710380465,baktygulovmiras61,2,2026-09-23,0,,,
7078647060,Гульнара♥️,2,2026-09-23,0,,,
7010124974,Bolatbek,2,2026-09-23,0,,,
7471350278,Жанна,2,2026-09-23,0,,,
7059765572,.,2,2026-09-23,0,,,
7070153324,Zhassulan,2,2026-09-23,0,,,
7779949428,Жадра,2,2026-09-23,0,,,
7011414200,Е. Бағдаұлы,2,2026-09-23,0,,,
7071467932,Улдай Сериковна,2,2026-09-23,0,,,
7786877520,Nazym Seiitova,2,2026-09-23,0,,,
7074756662,Надежда,2,2026-09-23,0,,,
7027681899,Сауле,2,2026-09-23,0,,,
7075678996,Нургуль Мерекеевна,2,2026-09-23,0,,,
7081009252,Айкерім Изенаева,2,2026-09-23,0,,,
7017123576,Svetlana,2,2026-09-24,0,,,
7017669024,Анна,2,2026-09-24,0,,,
7776853287,Gulnara,2,2026-09-24,0,,,
7785555856,🇰🇿,2,2026-09-24,0,,,
7710575060,Жанат,2,2026-09-24,0,,,
7003247009,Дильфуза,2,2026-09-24,0,,,
7017873256,Гульнар,2,2026-09-24,0,,,
7473134262,🩵,2,2026-09-24,0,,,
7009854221,кайфую от себя,2,2026-09-24,0,,,
7013594807,🌸🌼🌸,2,2026-09-24,0,,,
7714532162,Алиюша😁,2,2026-09-24,0,,,
7006892068,Duman,2,2026-09-24,0,,,
7773724469,Айнур,2,2026-09-24,0,,,
7776266973,Кенжегуль,2,2026-09-24,0,,,
7007700008,🛣️🅂🄴🅁🅉🄷🄰🄽🛣️,2,2026-09-24,0,,,
7712163176,Галина,2,2026-09-24,0,,,
7079999592,🇰🇿,2,2026-09-25,0,,,
7024915302,Зинат Кужатовна,2,2026-09-25,0,,,
7473543823,.,2,2026-09-25,0,,,
7716126067,Серик Умбетов,2,2026-09-25,0,,,
7789992204,Жумагуль,2,2026-09-25,0,,,
7473374077,Алуа  Сайлаубайқызы,2,2026-09-25,0,,,
7787444844,SZS,2,2026-09-25,0,,,
7759657501,Saule,2,2026-09-25,0,,,
7751013806,Там где вам не снилось…,2,2026-09-25,0,,,
7776611128,Галина,2,2026-09-25,0,,,
7028698684,R🚲,2,2026-09-25,0,,,
7075691982,Асем,2,2026-09-25,0,,,
7020357196,Елена,2,2026-09-25,0,,,
7053317127,Алаш,2,2026-09-25,0,,,
7019418397,Саят Рашитович,2,2026-09-26,0,,,
7750050631,ZURA,2,2026-09-26,0,,,
7026052994,Гулим,2,2026-09-26,0,,,
7015183655,Жанат,2,2026-09-26,0,,,
7027411018,Калима,2,2026-09-26,0,,,
7019222001,Kairat Zhumagulov,2,2026-09-26,0,,,
7783644139,Syrgakul,2,2026-09-26,0,,,
7011357052,Карлыгаш,2,2026-09-26,0,,,
7014084151,Карлыгаш,2,2026-09-26,0,,,
7772648871,Жибек,2,2026-09-26,0,,,
7753959973,Гульбаршын,2,2026-09-26,0,,,
7025503550,Nagima Taskulovna,2,2026-09-26,0,,,
7767235348,Jenis_bek.kz,2,2026-09-26,0,,,
7015126732,Fetkulov_Alikzhan_Khalelo,2,2026-09-26,0,,,
7027579341,Damir K,2,2026-09-26,0,,,
7716881394,Роза Габбасова,2,2026-09-26,0,,,
7052817011,Гулима,2,2026-09-26,0,,,
7781112274,Aizhan Kamzaevna,2,2026-09-26,0,,,
7776524134,Marzhan,2,2026-09-26,0,,,
7015195558,Олеся,2,2026-09-26,0,,,
7782370121,💐💐💐,2,2026-09-26,0,,,
7016013671,🌹🌹🌹,2,2026-09-26,0,,,
7019015452,Сабира,2,2026-09-26,0,,,
7073018124,Рустем,2,2026-09-26,0,,,
7023883181,zinaidatoktamysova,2,2026-09-26,0,,,
7028048147,Салтанат,2,2026-09-26,0,,,
7771990766,Жанна Омарбекова,2,2026-09-26,0,,,
7781391741,Гулсим,2,2026-09-26,0,,,
7772888888,Sofya,2,2026-09-26,0,,,
7022333341,Ғабит,2,2026-09-27,0,,,
7772329087,Temir,2,2026-09-27,0,,,
7017255729,Жомарт,2,2026-09-27,0,,,
7755143522,Рысбек,2,2026-09-27,0,,,
7775243426,Александр,2,2026-09-27,0,,,
7051762504,Бердібек Тілеубек ұлы,2,2026-09-27,0,,,
7781277623,Ven 5588,2,2026-09-27,0,,,
7019419649,Сафура,2,2026-09-27,0,,,
7751703806,😎,2,2026-09-27,0,,,
7472087409,Эльмира Жанабаева,2,2026-09-27,0,,,
7765994272,Сериккали,2,2026-09-27,0,,,
7784365540,Ердаулет,2,2026-09-27,0,,,
7025318225,Елена Шуляк 🥰❤️,2,2026-09-27,0,,,
7019428581,Жанна Пралиева,2,2026-09-27,0,,,
7752611166,Алмагуль,2,2026-09-27,0,,,
7478895829,Anesh Aubakirova,2,2026-09-27,0,,,
7773701053,Галина Колесник,2,2026-09-27,0,,,
7056658304,lybov19921971,2,2026-09-27,0,,,
7051992605,Мереке,2,2026-09-27,0,,,
7085160814,Gulzhan,2,2026-09-27,0,,,
7004523074,Рауза,2,2026-09-27,0,,,
7017326890,Sveta,2,2026-09-27,0,,,
7715377222,Гульнура,2,2026-09-27,0,,,
7019075766,Алтын,2,2026-09-28,0,,,
7014508144,Баян Еркеновна,2,2026-09-28,0,,,
7076371989,Мурат.,2,2026-09-28,0,,,
7051762667,.,2,2026-09-28,0,,,
7013617209,Маржан,2,2026-09-28,0,,,
7079792904,Aikumis,2,2026-09-28,0,,,
7778710218,Shinar,2,2026-09-28,0,,,
7051779260,Тұрсын,2,2026-09-28,0,,,
7474039317,Bahyt,2,2026-09-28,0,,,
7783828428,Асхат Қыдырбаев,2,2026-09-28,0,,,
7054191429,.,2,2026-09-28,0,,,
7055154338,Жанбулат Хамзиев,2,2026-09-28,0,,,
7770374385,Лейла,2,2026-09-28,0,,,
7716408267,Үміт Өмірәліқызы,2,2026-09-28,0,,,
7026053333,А.А.,2,2026-09-28,0,,,
7472239908,Bakitzhan,2,2026-09-28,0,,,
7024040088,Aliya,2,2026-09-28,0,,,
7003936792,Samanta,2,2026-09-28,0,,,
7013020927,А.Н.А.Р,2,2026-09-28,0,,,
7087526325,Жанар,2,2026-09-28,0,,,
7758580981,Айгуль Рымгалиевна,2,2026-09-28,0,,,
7017414788,Saule,2,2026-09-28,0,,,
7021669988,Талгат,2,2026-09-28,0,,,
7478041699,Сания,2,2026-09-28,0,,,
7474629015,🤴🏻,2,2026-09-28,0,,,
7777812018,artemeva larisa6,2,2026-09-28,0,,,
7017651113,Yerkebulan ♔,2,2026-09-29,0,,,
7762006001,Гаухара,2,2026-09-29,0,,,
7078408100,Ардак,2,2026-09-29,0,,,
7074522559,А,2,2026-09-29,0,,,
7027774722,RGG,2,2026-09-29,0,,,
7718538088,.,2,2026-09-29,0,,,
7783437206,Dana,2,2026-09-29,0,,,
7015879741,Малика,2,2026-09-29,0,,,
7017616476,🍀🧲,2,2026-09-29,0,,,
7758150183,Mahabat,2,2026-09-29,0,,,
7717024259,Сауле,2,2026-09-29,0,,,
7071495060,Гульнара Базарова,2,2026-09-29,0,,,
7026369178,Фатима,2,2026-09-29,0,,,
7711422759,Үзілхан Тілеу,2,2026-09-29,0,,,
7783970155,Omirzhan,2,2026-09-29,0,,,
7077274900,I.A.S,2,2026-09-29,0,,,
7777264555,Манат Турумов,2,2026-09-29,0,,,
7772395615,Светлана,2,2026-09-30,0,,,
7781585666,Дария Калиевна,2,2026-09-30,0,,,
7015294791,Тыныштык,2,2026-09-30,0,,,
7055657506,Саке,2,2026-09-30,0,,,
7076047784,Аsk,2,2026-09-30,0,,,
7713703845,Бауржан Темиров,2,2026-09-30,0,,,
7014528852,Айжан,2,2026-09-30,0,,,
7761664626,Aday Ryspekov,2,2026-09-30,0,,,
7772120679,Karlygash Akhman,2,2026-09-30,0,,,
7750544554,Ақбота,2,2026-09-30,0,,,
7016111894,Гульмира,2,2026-09-30,0,,,
7005004515,БАК,2,2026-09-30,0,,,
7076501035,Oral Kumarovna,2,2026-09-30,0,,,
7758417595,Гулжан,2,2026-09-30,0,,,
7016817079,🧿🌈👑☀️🙏,2,2026-09-30,0,,,
7714589040,Kalamkas,2,2026-09-30,0,,,
7019803823,Мадина Ахметжанова,2,2026-09-30,0,,,
7786267537,Бахыт 🌺,2,2026-09-30,0,,,
7013305900,Gaziza,2,2026-09-30,0,,,
7772261121,Дамеля,2,2026-09-30,0,,,
7029577051,Zhandos,2,2026-09-30,0,,,
7751993956,.,1,2026-06-07,0,,,
7071933383,Zhanna,1,2026-06-07,0,,,
7772130067,✨Nessip✨,1,2026-06-07,0,,,
7014751586,⚜️,1,2026-06-07,0,,,
7053125535,Zharki,1,2026-06-14,0,,,
7771768977,РХ,1,2026-06-14,0,,,
7019993736,Жания,1,2026-06-14,0,,,
7025050652,🥰,1,2026-06-14,0,,,
7058723078,🌹,1,2026-06-14,0,,,
7773045578,Гульжан,1,2026-06-14,0,,,
7479736590,nazymzajnarbekovna,1,2026-06-14,0,,,
7014800440,Гулзат,1,2026-06-21,0,,,
7005010677,Advokat,1,2026-06-21,0,,,
7017776999,QazaQ,1,2026-06-21,0,,,
7087558560,Базанна,1,2026-06-21,0,,,
7758527979,Нұрлыбек,1,2026-06-21,0,,,
